refund_id,order_item_id,refund_amount_usd,refund_date
1,36320,41.04,2026-01-21
2,4815,48.52,2026-01-21
3,26422,40.41,2026-01-21
4,27099,53.59,2026-01-21
5,15887,32.85,2026-01-21
6,24464,33.46,2026-01-21
7,3798,45.63,2026-01-21
8,35244,33.02,2026-01-21
9,12757,31.16,2026-01-21
10,33680,32.35,2026-01-21
11,25426,29.62,2026-01-21
12,33252,26.96,2026-01-21
13,8289,27.97,2026-01-21
14,6813,21.52,2026-01-21
15,18324,49.10,2026-01-21
16,19624,20.17,2026-01-21
17,14637,9.46,2026-01-21
18,12371,45.02,2026-01-21
19,17440,29.65,2026-01-21
20,17578,17.42,2026-01-21
21,6924,38.54,2026-01-21
22,10451,25.17,2026-01-21
23,20095,42.44,2026-01-21
24,11215,38.54,2026-01-21
25,2466,46.32,2026-01-21
26,676,30.22,2026-01-21
27,17115,17.81,2026-01-21
28,36643,22.35,2026-01-21
29,34625,14.60,2026-01-21
30,35922,14.52,2026-01-21
31,6667,28.87,2026-01-21
32,8669,49.44,2026-01-21
33,14616,17.79,2026-01-21
34,4040,40.19,2026-01-21
35,534,37.25,2026-01-21
36,12772,41.49,2026-01-21
37,39664,44.78,2026-01-21
38,5089,30.84,2026-01-21
39,24117,35.94,2026-01-21
40,11523,20.27,2026-01-21
41,23439,37.75,2026-01-21
42,11726,56.88,2026-01-21
43,28621,15.67,2026-01-21
44,4325,16.48,2026-01-21
45,22701,17.37,2026-01-21
46,36534,39.87,2026-01-21
47,23944,45.49,2026-01-21
48,944,48.55,2026-01-21
49,15564,10.95,2026-01-21
50,5249,39.30,2026-01-21
51,1742,47.53,2026-01-21
52,9218,45.78,2026-01-21
53,1536,24.60,2026-01-21
54,29613,34.32,2026-01-21
55,6762,32.26,2026-01-21
56,2935,32.43,2026-01-21
57,10237,17.97,2026-01-21
58,35476,40.95,2026-01-21
59,35197,43.02,2026-01-21
60,36218,20.09,2026-01-21
61,2444,24.42,2026-01-21
62,25632,43.89,2026-01-21
63,6175,28.58,2026-01-21
64,3140,25.30,2026-01-21
65,33622,18.19,2026-01-21
66,2513,15.87,2026-01-21
67,12701,21.60,2026-01-21
68,7191,44.39,2026-01-21
69,26850,30.17,2026-01-21
70,21012,28.14,2026-01-21
71,23905,11.27,2026-01-21
72,30467,11.86,2026-01-21
73,25933,36.04,2026-01-21
74,11304,45.68,2026-01-21
75,23669,24.79,2026-01-21
76,22774,15.22,2026-01-21
77,37310,19.99,2026-01-21
78,4607,38.35,2026-01-21
79,35549,57.85,2026-01-21
80,22275,38.58,2026-01-21
81,13049,22.97,2026-01-21
82,30100,58.43,2026-01-21
83,31231,11.56,2026-01-21
84,5712,43.89,2026-01-21
85,38025,11.17,2026-01-21
86,21053,47.77,2026-01-21
87,31526,30.08,2026-01-21
88,28665,38.98,2026-01-21
89,20898,23.31,2026-01-21
90,8885,36.23,2026-01-21
91,18388,41.71,2026-01-21
92,10900,44.22,2026-01-21
93,16519,43.84,2026-01-21
94,6655,37.58,2026-01-21
95,2666,22.25,2026-01-21
96,32363,58.82,2026-01-21
97,14099,33.30,2026-01-21
98,31989,27.46,2026-01-21
99,19070,25.34,2026-01-21
100,3640,41.66,2026-01-21
101,38495,26.61,2026-01-21
102,26660,18.26,2026-01-21
103,24241,39.09,2026-01-21
104,21171,17.07,2026-01-21
105,4519,17.95,2026-01-21
106,26600,18.37,2026-01-21
107,26411,14.80,2026-01-21
108,37922,49.37,2026-01-21
109,14557,22.86,2026-01-21
110,15251,17.78,2026-01-21
111,16564,40.99,2026-01-21
112,19529,18.29,2026-01-21
113,10770,47.18,2026-01-21
114,11161,24.67,2026-01-21
115,23342,45.14,2026-01-21
116,1778,34.11,2026-01-21
117,14911,58.05,2026-01-21
118,34413,31.97,2026-01-21
119,5729,29.42,2026-01-21
120,17343,26.14,2026-01-21
121,16280,31.73,2026-01-21
122,35004,18.46,2026-01-21
123,14861,27.90,2026-01-21
124,849,28.39,2026-01-21
125,13446,29.93,2026-01-21
126,36677,24.40,2026-01-21
127,33992,22.93,2026-01-21
128,4026,46.05,2026-01-21
129,17739,31.49,2026-01-21
130,9392,23.35,2026-01-21
131,25411,49.26,2026-01-21
132,23785,18.88,2026-01-21
133,11712,26.65,2026-01-21
134,14534,39.87,2026-01-21
135,8693,39.50,2026-01-21
136,39801,24.10,2026-01-21
137,34660,29.63,2026-01-21
138,9819,47.87,2026-01-21
139,15538,27.35,2026-01-21
140,19805,32.44,2026-01-21
141,20950,31.79,2026-01-21
142,24850,26.04,2026-01-21
143,36315,22.95,2026-01-21
144,33180,16.29,2026-01-21
145,28281,13.83,2026-01-21
146,20780,31.21,2026-01-21
147,2867,43.44,2026-01-21
148,19902,41.67,2026-01-21
149,35169,23.69,2026-01-21
150,28169,19.67,2026-01-21
151,2325,26.11,2026-01-21
152,30109,27.56,2026-01-21
153,36903,51.52,2026-01-21
154,7016,38.70,2026-01-21
155,20859,21.81,2026-01-21
156,37075,35.51,2026-01-21
157,30283,34.46,2026-01-21
158,15074,36.76,2026-01-21
159,39725,24.97,2026-01-21
160,38264,47.42,2026-01-21
161,37278,27.97,2026-01-21
162,18654,23.55,2026-01-21
163,10085,27.78,2026-01-21
164,7316,32.54,2026-01-21
165,4316,39.97,2026-01-21
166,3625,48.44,2026-01-21
167,6044,15.34,2026-01-21
168,22922,27.90,2026-01-21
169,3008,44.53,2026-01-21
170,10027,26.95,2026-01-21
171,16244,40.06,2026-01-21
172,34751,18.61,2026-01-21
173,16424,27.97,2026-01-21
174,31912,49.31,2026-01-21
175,39653,33.78,2026-01-21
176,28130,20.94,2026-01-21
177,15615,15.58,2026-01-21
178,37907,43.91,2026-01-21
179,13593,31.53,2026-01-21
180,10951,43.82,2026-01-21
181,37105,21.26,2026-01-21
182,15495,14.05,2026-01-21
183,685,22.72,2026-01-21
184,34547,15.83,2026-01-21
185,573,28.82,2026-01-21
186,28201,43.93,2026-01-21
187,17843,22.30,2026-01-21
188,5560,38.73,2026-01-21
189,29365,36.62,2026-01-21
190,24269,37.85,2026-01-21
191,15902,37.98,2026-01-21
192,4843,35.94,2026-01-21
193,35120,31.50,2026-01-21
194,20514,37.26,2026-01-21
195,39954,48.65,2026-01-21
196,19715,9.88,2026-01-21
197,23008,26.03,2026-01-21
198,37660,42.20,2026-01-21
199,2869,37.50,2026-01-21
200,34010,17.85,2026-01-21
201,1989,22.41,2026-01-21
202,13699,37.26,2026-01-21
203,33497,27.45,2026-01-21
204,26359,14.59,2026-01-21
205,19767,34.64,2026-01-21
206,27247,35.06,2026-01-21
207,1372,38.86,2026-01-21
208,14948,27.86,2026-01-21
209,16624,41.31,2026-01-21
210,7253,34.56,2026-01-21
211,28777,29.76,2026-01-21
212,12468,9.80,2026-01-21
213,31631,31.95,2026-01-21
214,10393,49.77,2026-01-21
215,2221,30.63,2026-01-21
216,606,23.67,2026-01-21
217,12962,27.19,2026-01-21
218,10610,36.03,2026-01-21
219,19274,34.15,2026-01-21
220,25654,16.43,2026-01-21
221,36059,44.56,2026-01-21
222,15025,19.81,2026-01-21
223,39699,48.75,2026-01-21
224,576,40.81,2026-01-21
225,661,40.72,2026-01-21
226,4079,46.99,2026-01-21
227,28188,25.70,2026-01-21
228,30670,33.47,2026-01-21
229,3054,37.76,2026-01-21
230,32432,18.25,2026-01-21
231,17750,34.94,2026-01-21
232,39142,43.06,2026-01-21
233,24283,15.47,2026-01-21
234,2600,42.90,2026-01-21
235,33627,45.32,2026-01-21
236,12377,18.64,2026-01-21
237,20944,14.69,2026-01-21
238,1692,22.29,2026-01-21
239,39259,25.14,2026-01-21
240,31208,23.12,2026-01-21
241,7981,43.21,2026-01-21
242,23180,30.07,2026-01-21
243,29553,48.03,2026-01-21
244,1070,31.52,2026-01-21
245,32572,38.04,2026-01-21
246,25529,34.67,2026-01-21
247,3606,27.52,2026-01-21
248,32465,27.10,2026-01-21
249,5287,47.67,2026-01-21
250,28100,45.98,2026-01-21
251,19351,35.07,2026-01-21
252,36512,34.55,2026-01-21
253,2817,42.39,2026-01-21
254,5964,29.26,2026-01-21
255,34497,24.40,2026-01-21
256,29650,41.30,2026-01-21
257,9558,39.66,2026-01-21
258,22342,29.64,2026-01-21
259,8485,49.19,2026-01-21
260,12553,27.98,2026-01-21
261,36412,25.53,2026-01-21
262,1083,33.56,2026-01-21
263,29386,44.52,2026-01-21
264,25645,34.00,2026-01-21
265,27986,25.60,2026-01-21
266,21904,40.15,2026-01-21
267,21021,43.32,2026-01-21
268,12160,18.79,2026-01-21
269,19370,26.08,2026-01-21
270,31077,20.55,2026-01-21
271,8887,43.36,2026-01-21
272,32992,23.50,2026-01-21
273,16782,42.14,2026-01-21
274,12201,34.74,2026-01-21
275,6403,27.53,2026-01-21
276,37903,21.52,2026-01-21
277,8118,21.99,2026-01-21
278,31635,27.09,2026-01-21
279,16217,19.68,2026-01-21
280,23019,28.67,2026-01-21
281,30672,29.11,2026-01-21
282,39885,27.87,2026-01-21
283,30020,40.58,2026-01-21
284,27118,40.69,2026-01-21
285,16888,12.93,2026-01-21
286,21342,21.86,2026-01-21
287,38286,23.84,2026-01-21
288,19799,40.01,2026-01-21
289,29561,47.49,2026-01-21
290,13304,21.46,2026-01-21
291,424,37.65,2026-01-21
292,5296,35.41,2026-01-21
293,32899,30.88,2026-01-21
294,25191,57.73,2026-01-21
295,28867,41.04,2026-01-21
296,20823,47.42,2026-01-21
297,38383,28.21,2026-01-21
298,27727,24.48,2026-01-21
299,3578,19.74,2026-01-21
300,39438,24.00,2026-01-21
301,32110,16.59,2026-01-21
302,4151,32.75,2026-01-21
303,2382,15.21,2026-01-21
304,8990,31.97,2026-01-21
305,24503,15.24,2026-01-21
306,10454,34.92,2026-01-21
307,26104,40.23,2026-01-21
308,27496,34.50,2026-01-21
309,24463,17.61,2026-01-21
310,37688,40.38,2026-01-21
311,22165,38.40,2026-01-21
312,8297,34.71,2026-01-21
313,22534,19.22,2026-01-21
314,29591,17.24,2026-01-21
315,6645,32.66,2026-01-21
316,39341,20.87,2026-01-21
317,1206,32.35,2026-01-21
318,1388,20.51,2026-01-21
319,820,23.59,2026-01-21
320,19645,21.89,2026-01-21
321,28875,45.68,2026-01-21
322,1565,19.43,2026-01-21
323,21264,34.73,2026-01-21
324,28747,38.25,2026-01-21
325,28523,30.17,2026-01-21
326,6649,17.72,2026-01-21
327,39029,37.13,2026-01-21
328,23048,29.55,2026-01-21
329,4119,40.37,2026-01-21
330,17121,32.37,2026-01-21
331,39675,15.00,2026-01-21
332,30728,36.11,2026-01-21
333,24555,24.36,2026-01-21
334,30301,14.56,2026-01-21
335,18532,40.75,2026-01-21
336,10090,25.95,2026-01-21
337,9349,35.72,2026-01-21
338,29043,30.72,2026-01-21
339,3703,30.22,2026-01-21
340,15449,40.74,2026-01-21
341,38297,20.15,2026-01-21
342,10635,27.43,2026-01-21
343,20323,28.79,2026-01-21
344,13412,28.12,2026-01-21
345,27373,38.94,2026-01-21
346,20436,40.47,2026-01-21
347,25276,45.28,2026-01-21
348,4849,45.95,2026-01-21
349,23266,39.15,2026-01-21
350,1156,30.03,2026-01-21
351,10064,36.15,2026-01-21
352,31222,37.00,2026-01-21
353,30018,21.05,2026-01-21
354,10819,30.50,2026-01-21
355,26447,23.72,2026-01-21
356,27107,33.01,2026-01-21
357,918,37.10,2026-01-21
358,9059,23.34,2026-01-21
359,35760,30.67,2026-01-21
360,5454,30.68,2026-01-21
361,30413,17.20,2026-01-21
362,3791,44.52,2026-01-21
363,21407,20.85,2026-01-21
364,25764,28.06,2026-01-21
365,7285,16.74,2026-01-21
366,5460,32.90,2026-01-21
367,20947,44.82,2026-01-21
368,8246,30.98,2026-01-21
369,19322,35.71,2026-01-21
370,32466,13.72,2026-01-21
371,4479,20.74,2026-01-21
372,37612,25.58,2026-01-21
373,25487,18.71,2026-01-21
374,3513,47.92,2026-01-21
375,7580,25.87,2026-01-21
376,23727,26.79,2026-01-21
377,634,45.48,2026-01-21
378,19718,17.42,2026-01-21
379,7005,20.97,2026-01-21
380,21153,45.46,2026-01-21
381,27219,33.07,2026-01-21
382,30329,45.55,2026-01-21
383,17071,18.39,2026-01-21
384,17520,18.83,2026-01-21
385,26490,24.84,2026-01-21
386,33962,48.50,2026-01-21
387,38749,23.86,2026-01-21
388,14362,27.42,2026-01-21
389,11537,42.00,2026-01-21
390,2403,18.43,2026-01-21
391,23650,23.87,2026-01-21
392,13953,43.48,2026-01-21
393,39021,9.49,2026-01-21
394,21278,43.12,2026-01-21
395,28398,30.11,2026-01-21
396,3230,48.00,2026-01-21
397,20398,16.87,2026-01-21
398,14282,25.18,2026-01-21
399,5874,42.11,2026-01-21
400,39346,15.36,2026-01-21
401,24777,24.68,2026-01-21
402,27751,28.98,2026-01-21
403,37063,45.32,2026-01-21
404,24124,25.66,2026-01-21
405,30706,37.79,2026-01-21
406,22954,48.62,2026-01-21
407,31883,15.34,2026-01-21
408,35521,28.50,2026-01-21
409,433,42.97,2026-01-21
410,3174,55.72,2026-01-21
411,22090,44.81,2026-01-21
412,330,25.55,2026-01-21
413,30638,19.08,2026-01-21
414,6270,49.91,2026-01-21
415,25377,17.44,2026-01-21
416,12565,32.25,2026-01-21
417,9148,24.66,2026-01-21
418,976,32.13,2026-01-21
419,22682,24.08,2026-01-21
420,18566,36.85,2026-01-21
421,20955,45.10,2026-01-21
422,33839,31.71,2026-01-21
423,6689,45.79,2026-01-21
424,31739,26.41,2026-01-21
425,26599,16.61,2026-01-21
426,27763,35.48,2026-01-21
427,37793,44.68,2026-01-21
428,26352,34.21,2026-01-21
429,19654,28.00,2026-01-21
430,33095,17.57,2026-01-21
431,186,49.85,2026-01-21
432,9989,35.62,2026-01-21
433,9416,31.44,2026-01-21
434,22336,34.88,2026-01-21
435,17875,23.69,2026-01-21
436,12960,34.28,2026-01-21
437,8241,47.84,2026-01-21
438,35842,52.64,2026-01-21
439,34663,21.33,2026-01-21
440,6666,41.45,2026-01-21
441,15628,24.68,2026-01-21
442,15561,47.07,2026-01-21
443,11747,22.64,2026-01-21
444,5679,42.72,2026-01-21
445,2556,29.53,2026-01-21
446,7887,44.54,2026-01-21
447,37097,39.54,2026-01-21
448,5478,22.56,2026-01-21
449,3152,50.14,2026-01-21
450,19437,46.73,2026-01-21
451,7129,34.88,2026-01-21
452,35400,26.99,2026-01-21
453,26937,32.48,2026-01-21
454,36034,24.15,2026-01-21
455,11288,49.28,2026-01-21
456,4877,34.22,2026-01-21
457,14793,14.44,2026-01-21
458,35020,42.43,2026-01-21
459,27310,15.56,2026-01-21
460,27088,43.11,2026-01-21
461,17983,42.26,2026-01-21
462,26343,49.19,2026-01-21
463,37030,27.07,2026-01-21
464,38055,37.21,2026-01-21
465,9144,39.32,2026-01-21
466,814,27.46,2026-01-21
467,31451,37.97,2026-01-21
468,18780,47.05,2026-01-21
469,39757,16.08,2026-01-21
470,15400,35.15,2026-01-21
471,21284,27.46,2026-01-21
472,25419,24.49,2026-01-21
473,17386,17.59,2026-01-21
474,32688,23.19,2026-01-21
475,39254,17.32,2026-01-21
476,17299,33.46,2026-01-21
477,7166,26.33,2026-01-21
478,13819,30.58,2026-01-21
479,17880,27.36,2026-01-21
480,7125,26.20,2026-01-21
481,23110,43.17,2026-01-21
482,32913,26.93,2026-01-21
483,5020,35.25,2026-01-21
484,33657,36.26,2026-01-21
485,8671,41.42,2026-01-21
486,13016,46.28,2026-01-21
487,13662,34.37,2026-01-21
488,20960,42.33,2026-01-21
489,35306,41.56,2026-01-21
490,30525,42.65,2026-01-21
491,7817,33.22,2026-01-21
492,35533,25.54,2026-01-21
493,9498,49.77,2026-01-21
494,559,39.41,2026-01-21
495,5241,46.73,2026-01-21
496,2342,36.48,2026-01-21
497,12532,16.90,2026-01-21
498,12066,13.69,2026-01-21
499,38904,28.62,2026-01-21
500,1026,40.71,2026-01-21
501,1785,22.62,2026-01-21
502,21887,41.42,2026-01-21
503,12147,47.87,2026-01-21
504,14974,44.75,2026-01-21
505,10859,22.04,2026-01-21
506,8298,20.82,2026-01-21
507,23821,56.39,2026-01-21
508,24944,13.06,2026-01-21
509,29356,36.58,2026-01-21
510,8446,46.97,2026-01-21
511,35902,41.47,2026-01-21
512,795,33.38,2026-01-21
513,22154,44.84,2026-01-21
514,37253,37.26,2026-01-21
515,23711,43.46,2026-01-21
516,28925,30.83,2026-01-21
517,24430,47.24,2026-01-21
518,27199,45.60,2026-01-21
519,39718,44.57,2026-01-21
520,2203,48.65,2026-01-21
521,5708,23.96,2026-01-21
522,9592,41.57,2026-01-21
523,38090,33.71,2026-01-21
524,27168,45.58,2026-01-21
525,29186,18.95,2026-01-21
526,28708,42.64,2026-01-21
527,39456,19.53,2026-01-21
528,39106,40.74,2026-01-21
529,8248,25.51,2026-01-21
530,31059,37.50,2026-01-21
531,29255,20.55,2026-01-21
532,24988,54.77,2026-01-21
533,1279,43.12,2026-01-21
534,22101,38.59,2026-01-21
535,10991,28.08,2026-01-21
536,7667,45.83,2026-01-21
537,17229,9.21,2026-01-21
538,11865,46.86,2026-01-21
539,29659,29.44,2026-01-21
540,19900,15.27,2026-01-21
541,160,32.62,2026-01-21
542,22223,42.51,2026-01-21
543,34350,23.28,2026-01-21
544,35108,45.23,2026-01-21
545,14348,23.85,2026-01-21
546,30441,49.36,2026-01-21
547,23801,40.61,2026-01-21
548,1798,40.90,2026-01-21
549,22386,47.60,2026-01-21
550,339,17.94,2026-01-21
551,38449,39.70,2026-01-21
552,16838,27.42,2026-01-21
553,10128,37.81,2026-01-21
554,31904,41.22,2026-01-21
555,2577,42.62,2026-01-21
556,37925,34.92,2026-01-21
557,23911,22.82,2026-01-21
558,4592,21.67,2026-01-21
559,39510,24.06,2026-01-21
560,11071,27.24,2026-01-21
561,22447,47.12,2026-01-21
562,3834,38.37,2026-01-21
563,12654,27.50,2026-01-21
564,29551,27.60,2026-01-21
565,4011,21.55,2026-01-21
566,24499,24.65,2026-01-21
567,19977,27.18,2026-01-21
568,26462,21.38,2026-01-21
569,31826,46.12,2026-01-21
570,33852,48.86,2026-01-21
571,5899,46.49,2026-01-21
572,23343,22.67,2026-01-21
573,10192,39.50,2026-01-21
574,21874,35.63,2026-01-21
575,20454,15.79,2026-01-21
576,17740,44.93,2026-01-21
577,25310,33.97,2026-01-21
578,24083,43.61,2026-01-21
579,33922,28.66,2026-01-21
580,18715,31.56,2026-01-21
581,37009,26.28,2026-01-21
582,32697,41.03,2026-01-21
583,1314,27.13,2026-01-21
584,34224,21.88,2026-01-21
585,14638,14.79,2026-01-21
586,34379,19.49,2026-01-21
587,33196,18.77,2026-01-21
588,34610,13.69,2026-01-21
589,26075,37.44,2026-01-21
590,3557,16.12,2026-01-21
591,28444,28.67,2026-01-21
592,3469,16.65,2026-01-21
593,19724,33.87,2026-01-21
594,17581,14.82,2026-01-21
595,39174,43.99,2026-01-21
596,30734,47.25,2026-01-21
597,31045,10.00,2026-01-21
598,2766,48.53,2026-01-21
599,31683,27.94,2026-01-21
600,14162,15.50,2026-01-21
601,16210,44.85,2026-01-21
602,24748,27.82,2026-01-21
603,35992,18.03,2026-01-21
604,11129,41.76,2026-01-21
605,4832,28.85,2026-01-21
606,35404,30.66,2026-01-21
607,3826,25.52,2026-01-21
608,3690,43.66,2026-01-21
609,1707,15.38,2026-01-21
610,18667,31.43,2026-01-21
611,27485,29.44,2026-01-21
612,2211,41.38,2026-01-21
613,36565,27.16,2026-01-21
614,14247,43.57,2026-01-21
615,5538,36.39,2026-01-21
616,16999,26.47,2026-01-21
617,6586,29.84,2026-01-21
618,26891,39.59,2026-01-21
619,21265,25.93,2026-01-21
620,1904,34.40,2026-01-21
621,31489,46.94,2026-01-21
622,36977,27.46,2026-01-21
623,27790,29.48,2026-01-21
624,34630,24.19,2026-01-21
625,2207,16.44,2026-01-21
626,30557,9.56,2026-01-21
627,36680,20.12,2026-01-21
628,29167,46.24,2026-01-21
629,25615,27.98,2026-01-21
630,39623,41.16,2026-01-21
631,18786,16.12,2026-01-21
632,24370,34.13,2026-01-21
633,11338,18.31,2026-01-21
634,4760,48.45,2026-01-21
635,39730,25.10,2026-01-21
636,38047,28.63,2026-01-21
637,33155,38.76,2026-01-21
638,2572,37.18,2026-01-21
639,21467,34.77,2026-01-21
640,24568,17.12,2026-01-21
641,484,34.62,2026-01-21
642,3772,16.09,2026-01-21
643,33668,20.68,2026-01-21
644,12538,44.52,2026-01-21
645,13630,39.19,2026-01-21
646,4353,28.86,2026-01-21
647,29266,17.82,2026-01-21
648,34950,22.50,2026-01-21
649,30255,19.77,2026-01-21
650,23510,48.21,2026-01-21
651,24903,26.52,2026-01-21
652,1004,29.25,2026-01-21
653,22721,29.96,2026-01-21
654,3138,50.85,2026-01-21
655,26532,45.40,2026-01-21
656,26105,15.95,2026-01-21
657,34792,56.28,2026-01-21
658,29086,46.38,2026-01-21
659,31947,46.81,2026-01-21
660,2748,41.89,2026-01-21
661,9559,26.97,2026-01-21
662,38556,13.97,2026-01-21
663,20516,31.48,2026-01-21
664,22814,31.17,2026-01-21
665,35755,25.98,2026-01-21
666,32731,32.23,2026-01-21
667,3428,31.89,2026-01-21
668,9691,43.96,2026-01-21
669,32585,22.16,2026-01-21
670,2650,20.70,2026-01-21
671,31065,19.35,2026-01-21
672,19913,55.53,2026-01-21
673,35048,27.59,2026-01-21
674,24465,44.30,2026-01-21
675,26299,49.23,2026-01-21
676,6022,29.97,2026-01-21
677,32123,38.45,2026-01-21
678,32408,35.10,2026-01-21
679,23192,20.53,2026-01-21
680,16834,31.48,2026-01-21
681,7646,39.63,2026-01-21
682,15177,21.01,2026-01-21
683,22171,30.18,2026-01-21
684,36592,39.33,2026-01-21
685,35699,14.62,2026-01-21
686,33906,10.94,2026-01-21
687,24697,14.42,2026-01-21
688,23607,41.16,2026-01-21
689,25005,29.00,2026-01-21
690,37360,39.96,2026-01-21
691,26971,23.67,2026-01-21
692,37663,32.61,2026-01-21
693,10961,40.56,2026-01-21
694,30462,31.14,2026-01-21
695,37792,26.14,2026-01-21
696,1953,15.90,2026-01-21
697,3838,25.39,2026-01-21
698,4529,27.54,2026-01-21
699,27874,13.30,2026-01-21
700,14985,19.30,2026-01-21
701,32598,25.97,2026-01-21
702,13673,14.30,2026-01-21
703,28535,52.71,2026-01-21
704,28789,19.39,2026-01-21
705,17871,35.28,2026-01-21
706,20700,18.97,2026-01-21
707,34481,49.55,2026-01-21
708,19360,16.49,2026-01-21
709,26087,36.70,2026-01-21
710,32737,40.89,2026-01-21
711,8494,26.27,2026-01-21
712,19326,18.27,2026-01-21
713,1754,19.16,2026-01-21
714,29615,33.15,2026-01-21
715,22691,35.13,2026-01-21
716,23304,28.36,2026-01-21
717,16130,51.16,2026-01-21
718,24477,18.44,2026-01-21
719,16872,22.24,2026-01-21
720,17388,29.02,2026-01-21
721,23965,16.05,2026-01-21
722,20305,46.17,2026-01-21
723,33501,23.28,2026-01-21
724,29399,17.72,2026-01-21
725,27826,19.13,2026-01-21
726,23174,53.21,2026-01-21
727,24475,19.90,2026-01-21
728,32813,28.44,2026-01-21
729,32974,42.73,2026-01-21
730,27757,21.34,2026-01-21
731,30348,16.11,2026-01-21
732,21857,28.49,2026-01-21
733,7548,18.64,2026-01-21
734,19971,33.77,2026-01-21
735,8020,16.52,2026-01-21
736,35960,39.83,2026-01-21
737,32060,32.65,2026-01-21
738,27583,20.22,2026-01-21
739,24559,38.10,2026-01-21
740,6648,51.74,2026-01-21
741,18288,32.76,2026-01-21
742,36474,45.30,2026-01-21
743,18600,27.02,2026-01-21
744,277,34.81,2026-01-21
745,15455,9.00,2026-01-21
746,14743,43.23,2026-01-21
747,18838,13.19,2026-01-21
748,28714,49.78,2026-01-21
749,37605,13.82,2026-01-21
750,33694,23.60,2026-01-21
751,12279,39.69,2026-01-21
752,33555,16.12,2026-01-21
753,3547,42.51,2026-01-21
754,34365,18.70,2026-01-21
755,31716,39.80,2026-01-21
756,22944,41.39,2026-01-21
757,8832,49.14,2026-01-21
758,5950,23.05,2026-01-21
759,37255,44.60,2026-01-21
760,38395,20.12,2026-01-21
761,7995,40.42,2026-01-21
762,36485,20.99,2026-01-21
763,38350,41.10,2026-01-21
764,17915,23.98,2026-01-21
765,13684,39.12,2026-01-21
766,14765,47.05,2026-01-21
767,17864,35.49,2026-01-21
768,27994,13.87,2026-01-21
769,18166,39.89,2026-01-21
770,37971,27.23,2026-01-21
771,29263,10.57,2026-01-21
772,1292,38.51,2026-01-21
773,21395,44.66,2026-01-21
774,16351,46.75,2026-01-21
775,33503,27.71,2026-01-21
776,19406,38.44,2026-01-21
777,9071,19.83,2026-01-21
778,17328,27.80,2026-01-21
779,748,32.33,2026-01-21
780,3066,34.02,2026-01-21
781,19217,17.69,2026-01-21
782,16468,36.08,2026-01-21
783,19261,29.37,2026-01-21
784,26519,23.57,2026-01-21
785,7446,27.72,2026-01-21
786,449,48.07,2026-01-21
787,12505,22.07,2026-01-21
788,5412,21.24,2026-01-21
789,36238,55.95,2026-01-21
790,1262,15.67,2026-01-21
791,21535,36.91,2026-01-21
792,37204,24.28,2026-01-21
793,167,20.48,2026-01-21
794,38246,36.31,2026-01-21
795,26920,15.21,2026-01-21
796,27228,23.46,2026-01-21
797,2990,15.20,2026-01-21
798,24550,46.88,2026-01-21
799,27239,49.17,2026-01-21
800,25281,37.45,2026-01-21
801,24411,42.90,2026-01-21
802,30929,21.23,2026-01-21
803,20839,24.49,2026-01-21
804,25649,30.68,2026-01-21
805,8789,20.47,2026-01-21
806,8408,21.00,2026-01-21
807,21726,22.54,2026-01-21
808,3882,53.20,2026-01-21
809,12240,27.42,2026-01-21
810,35627,33.28,2026-01-21
811,18020,43.46,2026-01-21
812,16243,39.43,2026-01-21
813,19198,45.20,2026-01-21
814,11549,15.83,2026-01-21
815,32521,23.65,2026-01-21
816,14828,35.99,2026-01-21
817,9041,34.00,2026-01-21
818,25821,16.06,2026-01-21
819,24419,35.86,2026-01-21
820,2672,16.82,2026-01-21
821,16893,42.84,2026-01-21
822,32923,49.10,2026-01-21
823,31510,18.88,2026-01-21
824,20068,34.18,2026-01-21
825,8060,39.60,2026-01-21
826,38135,19.99,2026-01-21
827,38283,34.26,2026-01-21
828,15024,28.44,2026-01-21
829,35478,25.98,2026-01-21
830,38223,33.16,2026-01-21
831,19298,33.76,2026-01-21
832,11083,18.21,2026-01-21
833,13553,43.99,2026-01-21
834,38022,37.83,2026-01-21
835,20968,20.54,2026-01-21
836,3074,33.03,2026-01-21
837,18983,45.37,2026-01-21
838,19159,33.41,2026-01-21
839,24606,15.43,2026-01-21
840,11050,37.62,2026-01-21
841,36282,21.05,2026-01-21
842,21974,24.84,2026-01-21
843,17626,48.37,2026-01-21
844,18704,49.13,2026-01-21
845,3336,29.83,2026-01-21
846,23687,48.43,2026-01-21
847,12213,51.31,2026-01-21
848,23570,29.29,2026-01-21
849,36295,24.56,2026-01-21
850,35531,22.79,2026-01-21
851,14831,17.94,2026-01-21
852,17595,11.03,2026-01-21
853,28227,30.76,2026-01-21
854,2544,33.41,2026-01-21
855,17845,27.48,2026-01-21
856,23376,47.80,2026-01-21
857,32581,42.63,2026-01-21
858,33364,24.84,2026-01-21
859,3978,38.28,2026-01-21
860,21670,17.67,2026-01-21
861,35212,32.50,2026-01-21
862,14165,20.36,2026-01-21
863,27054,20.72,2026-01-21
864,18164,18.77,2026-01-21
865,19898,25.14,2026-01-21
866,19422,49.28,2026-01-21
867,28606,26.44,2026-01-21
868,8621,17.26,2026-01-21
869,16659,23.26,2026-01-21
870,8045,23.29,2026-01-21
871,27768,49.67,2026-01-21
872,18342,23.24,2026-01-21
873,5861,47.36,2026-01-21
874,5107,21.55,2026-01-21
875,973,40.41,2026-01-21
876,7202,39.04,2026-01-21
877,33062,33.80,2026-01-21
878,17536,32.03,2026-01-21
879,3122,44.01,2026-01-21
880,11330,42.89,2026-01-21
881,23626,58.11,2026-01-21
882,25830,32.07,2026-01-21
883,34959,35.16,2026-01-21
884,7133,28.19,2026-01-21
885,6194,27.15,2026-01-21
886,28244,24.12,2026-01-21
887,38714,22.29,2026-01-21
888,5967,20.34,2026-01-21
889,21038,44.23,2026-01-21
890,13404,31.62,2026-01-21
891,17206,18.45,2026-01-21
892,22573,25.29,2026-01-21
893,10528,45.09,2026-01-21
894,30133,11.92,2026-01-21
895,32411,28.06,2026-01-21
896,16384,25.05,2026-01-21
897,27433,22.45,2026-01-21
898,7758,28.58,2026-01-21
899,16421,15.68,2026-01-21
900,19376,49.60,2026-01-21
901,15193,46.52,2026-01-21
902,22423,28.11,2026-01-21
903,32728,26.78,2026-01-21
904,34485,23.92,2026-01-21
905,23957,33.89,2026-01-21
906,28511,43.64,2026-01-21
907,19252,46.16,2026-01-21
908,26012,36.80,2026-01-21
909,12491,24.15,2026-01-21
910,35175,44.05,2026-01-21
911,11250,15.74,2026-01-21
912,17561,36.62,2026-01-21
913,32912,40.04,2026-01-21
914,30349,35.42,2026-01-21
915,21455,35.35,2026-01-21
916,17613,46.73,2026-01-21
917,13056,27.26,2026-01-21
918,11369,21.98,2026-01-21
919,23470,29.30,2026-01-21
920,23025,46.15,2026-01-21
921,3638,22.08,2026-01-21
922,5717,28.41,2026-01-21
923,3814,27.09,2026-01-21
924,24528,38.22,2026-01-21
925,6104,37.43,2026-01-21
926,11012,40.39,2026-01-21
927,29094,43.71,2026-01-21
928,905,31.54,2026-01-21
929,19615,53.35,2026-01-21
930,36046,35.56,2026-01-21
931,15541,43.19,2026-01-21
932,11221,40.38,2026-01-21
933,5962,36.46,2026-01-21
934,35877,39.14,2026-01-21
935,4270,33.25,2026-01-21
936,30830,21.07,2026-01-21
937,23098,24.75,2026-01-21
938,30567,11.11,2026-01-21
939,14528,21.86,2026-01-21
940,38945,26.43,2026-01-21
941,30532,34.23,2026-01-21
942,29160,26.38,2026-01-21
943,39245,18.52,2026-01-21
944,36142,41.75,2026-01-21
945,4397,26.21,2026-01-21
946,33483,17.92,2026-01-21
947,18179,11.48,2026-01-21
948,31146,39.73,2026-01-21
949,4859,17.43,2026-01-21
950,17795,39.46,2026-01-21
951,24968,45.67,2026-01-21
952,34058,16.16,2026-01-21
953,33258,33.74,2026-01-21
954,23714,37.83,2026-01-21
955,29642,30.94,2026-01-21
956,23451,20.23,2026-01-21
957,17484,46.64,2026-01-21
958,32275,10.64,2026-01-21
959,34057,45.97,2026-01-21
960,16645,38.59,2026-01-21
961,12808,35.59,2026-01-21
962,33715,41.25,2026-01-21
963,23245,22.79,2026-01-21
964,545,46.17,2026-01-21
965,38436,43.86,2026-01-21
966,5703,46.89,2026-01-21
967,1517,33.39,2026-01-21
968,12663,48.62,2026-01-21
969,361,47.53,2026-01-21
970,39542,17.26,2026-01-21
971,32492,25.82,2026-01-21
972,29756,15.39,2026-01-21
973,23285,52.86,2026-01-21
974,27771,46.39,2026-01-21
975,362,16.29,2026-01-21
976,26917,25.72,2026-01-21
977,10424,40.52,2026-01-21
978,17213,17.88,2026-01-21
979,32919,18.03,2026-01-21
980,27614,45.57,2026-01-21
981,20993,36.28,2026-01-21
982,21889,48.73,2026-01-21
983,28937,26.56,2026-01-21
984,21221,22.11,2026-01-21
985,5126,27.87,2026-01-21
986,7483,36.73,2026-01-21
987,28603,27.85,2026-01-21
988,23658,9.47,2026-01-21
989,36731,37.64,2026-01-21
990,21698,28.17,2026-01-21
991,37351,24.03,2026-01-21
992,21941,22.05,2026-01-21
993,12449,40.77,2026-01-21
994,29627,26.73,2026-01-21
995,12300,22.88,2026-01-21
996,14827,40.02,2026-01-21
997,29629,20.81,2026-01-21
998,21026,48.86,2026-01-21
999,22077,41.58,2026-01-21
1000,28969,19.75,2026-01-21
1001,30735,18.56,2026-01-21
1002,19549,34.31,2026-01-21
1003,29314,29.75,2026-01-21
1004,4789,44.89,2026-01-21
1005,39258,37.52,2026-01-21
1006,39844,41.29,2026-01-21
1007,1567,41.27,2026-01-21
1008,27298,41.74,2026-01-21
1009,9440,17.68,2026-01-21
1010,34304,15.52,2026-01-21
1011,15886,21.81,2026-01-21
1012,33057,48.96,2026-01-21
1013,32053,47.04,2026-01-21
1014,892,28.60,2026-01-21
1015,17086,24.16,2026-01-21
1016,4546,35.17,2026-01-21
1017,29313,16.76,2026-01-21
1018,18465,23.70,2026-01-21
1019,20298,33.12,2026-01-21
1020,26065,40.35,2026-01-21
1021,10500,29.65,2026-01-21
1022,32779,21.24,2026-01-21
1023,24901,21.18,2026-01-21
1024,23557,38.75,2026-01-21
1025,10450,45.19,2026-01-21
1026,17074,43.51,2026-01-21
1027,2617,22.22,2026-01-21
1028,665,24.84,2026-01-21
1029,39635,23.57,2026-01-21
1030,5169,19.41,2026-01-21
1031,30883,38.75,2026-01-21
1032,25768,55.18,2026-01-21
1033,26691,27.64,2026-01-21
1034,26554,23.29,2026-01-21
1035,5587,19.46,2026-01-21
1036,14391,19.65,2026-01-21
1037,37119,16.97,2026-01-21
1038,30495,27.59,2026-01-21
1039,22864,25.19,2026-01-21
1040,6340,29.43,2026-01-21
1041,22049,26.50,2026-01-21
1042,33397,22.06,2026-01-21
1043,10884,28.86,2026-01-21
1044,29711,35.75,2026-01-21
1045,29004,15.56,2026-01-21
1046,6136,18.06,2026-01-21
1047,1810,28.74,2026-01-21
1048,12952,11.06,2026-01-21
1049,23396,30.27,2026-01-21
1050,31899,19.30,2026-01-21
1051,28242,28.97,2026-01-21
1052,38859,12.90,2026-01-21
1053,25364,17.99,2026-01-21
1054,13148,45.40,2026-01-21
1055,12782,43.68,2026-01-21
1056,9454,46.74,2026-01-21
1057,7231,21.06,2026-01-21
1058,22048,19.98,2026-01-21
1059,20919,23.75,2026-01-21
1060,30429,59.84,2026-01-21
1061,32436,39.27,2026-01-21
1062,32857,21.42,2026-01-21
1063,25200,25.28,2026-01-21
1064,10438,15.52,2026-01-21
1065,23540,39.20,2026-01-21
1066,30717,22.22,2026-01-21
1067,4816,56.86,2026-01-21
1068,22971,43.22,2026-01-21
1069,596,21.01,2026-01-21
1070,8194,54.23,2026-01-21
1071,29928,33.28,2026-01-21
1072,27149,44.19,2026-01-21
1073,7581,31.74,2026-01-21
1074,5432,40.90,2026-01-21
1075,4771,40.19,2026-01-21
1076,15420,21.94,2026-01-21
1077,33745,29.10,2026-01-21
1078,15493,34.44,2026-01-21
1079,9881,36.48,2026-01-21
1080,27924,32.89,2026-01-21
1081,22634,43.56,2026-01-21
1082,23480,44.93,2026-01-21
1083,1736,37.09,2026-01-21
1084,31268,39.44,2026-01-21
1085,32228,16.85,2026-01-21
1086,25414,35.12,2026-01-21
1087,29585,37.19,2026-01-21
1088,18513,30.47,2026-01-21
1089,26570,33.51,2026-01-21
1090,30159,29.60,2026-01-21
1091,17003,32.89,2026-01-21
1092,26876,18.97,2026-01-21
1093,12000,27.65,2026-01-21
1094,33613,27.83,2026-01-21
1095,16711,24.29,2026-01-21
1096,19393,30.84,2026-01-21
1097,7670,55.61,2026-01-21
1098,5766,26.54,2026-01-21
1099,24841,30.30,2026-01-21
1100,39289,42.82,2026-01-21
1101,26875,40.95,2026-01-21
1102,18891,15.82,2026-01-21
1103,3530,19.79,2026-01-21
1104,17189,31.90,2026-01-21
1105,16938,24.30,2026-01-21
1106,34279,29.88,2026-01-21
1107,30197,19.24,2026-01-21
1108,38305,26.23,2026-01-21
1109,12428,17.13,2026-01-21
1110,33,37.64,2026-01-21
1111,27052,37.72,2026-01-21
1112,14508,49.04,2026-01-21
1113,15009,26.67,2026-01-21
1114,37058,59.60,2026-01-21
1115,519,40.99,2026-01-21
1116,26870,40.33,2026-01-21
1117,16570,22.45,2026-01-21
1118,26442,37.31,2026-01-21
1119,11112,20.62,2026-01-21
1120,28522,41.70,2026-01-21
1121,12713,48.02,2026-01-21
1122,34395,47.01,2026-01-21
1123,35163,33.93,2026-01-21
1124,20103,49.21,2026-01-21
1125,22337,20.72,2026-01-21
1126,32823,16.35,2026-01-21
1127,8960,44.03,2026-01-21
1128,153,35.95,2026-01-21
1129,28950,16.36,2026-01-21
1130,31399,39.47,2026-01-21
1131,39331,23.00,2026-01-21
1132,7970,34.66,2026-01-21
1133,17691,35.71,2026-01-21
1134,7302,28.13,2026-01-21
1135,34222,16.98,2026-01-21
1136,18194,19.74,2026-01-21
1137,2130,35.09,2026-01-21
1138,4894,24.03,2026-01-21
1139,39202,23.00,2026-01-21
1140,38804,27.89,2026-01-21
1141,10232,30.54,2026-01-21
1142,35565,27.78,2026-01-21
1143,32056,21.86,2026-01-21
1144,20923,32.63,2026-01-21
1145,12477,16.57,2026-01-21
1146,31377,20.91,2026-01-21
1147,29897,17.43,2026-01-21
1148,16976,41.91,2026-01-21
1149,7729,26.50,2026-01-21
1150,30486,29.42,2026-01-21
1151,3281,20.06,2026-01-21
1152,23475,43.25,2026-01-21
1153,13731,11.76,2026-01-21
1154,22162,23.97,2026-01-21
1155,15306,10.77,2026-01-21
1156,27524,37.15,2026-01-21
1157,32147,36.44,2026-01-21
1158,21959,41.33,2026-01-21
1159,33783,17.88,2026-01-21
1160,3215,23.02,2026-01-21
1161,24770,19.77,2026-01-21
1162,21942,30.66,2026-01-21
1163,35482,42.17,2026-01-21
1164,13754,30.07,2026-01-21
1165,3105,37.57,2026-01-21
1166,20000,43.58,2026-01-21
1167,4948,45.69,2026-01-21
1168,5309,17.24,2026-01-21
1169,39307,43.98,2026-01-21
1170,32713,14.82,2026-01-21
1171,20837,34.67,2026-01-21
1172,9997,48.15,2026-01-21
1173,38300,37.66,2026-01-21
1174,569,36.49,2026-01-21
1175,6277,20.28,2026-01-21
1176,156,41.04,2026-01-21
1177,14773,34.24,2026-01-21
1178,28871,36.90,2026-01-21
1179,2667,37.98,2026-01-21
1180,6595,49.16,2026-01-21
1181,19412,48.60,2026-01-21
1182,39746,16.29,2026-01-21
1183,4396,15.34,2026-01-21
1184,12843,28.03,2026-01-21
1185,29680,38.33,2026-01-21
1186,9786,27.77,2026-01-21
1187,21787,13.95,2026-01-21
1188,599,23.85,2026-01-21
1189,16906,55.26,2026-01-21
1190,1758,40.99,2026-01-21
1191,39198,19.87,2026-01-21
1192,1000,43.57,2026-01-21
1193,10047,25.82,2026-01-21
1194,1855,22.80,2026-01-21
1195,9869,54.61,2026-01-21
1196,22596,37.87,2026-01-21
1197,4937,45.89,2026-01-21
1198,25085,43.02,2026-01-21
1199,6525,38.00,2026-01-21
1200,12272,43.78,2026-01-21
1201,32825,16.06,2026-01-21
1202,32406,26.21,2026-01-21
1203,12176,44.92,2026-01-21
1204,1033,39.19,2026-01-21
1205,36184,17.84,2026-01-21
1206,35556,23.15,2026-01-21
1207,10685,27.31,2026-01-21
1208,12021,26.36,2026-01-21
1209,21656,25.87,2026-01-21
1210,960,44.96,2026-01-21
1211,15730,35.34,2026-01-21
1212,10760,21.57,2026-01-21
1213,3316,43.77,2026-01-21
1214,14702,16.13,2026-01-21
1215,27769,33.41,2026-01-21
1216,16694,57.35,2026-01-21
1217,39366,17.59,2026-01-21
1218,24705,25.40,2026-01-21
1219,29849,21.22,2026-01-21
1220,37514,19.32,2026-01-21
1221,2169,22.29,2026-01-21
1222,18723,26.24,2026-01-21
1223,11691,14.58,2026-01-21
1224,27346,45.00,2026-01-21
1225,7153,45.08,2026-01-21
1226,24457,44.57,2026-01-21
1227,32206,21.70,2026-01-21
1228,5937,25.86,2026-01-21
1229,18416,45.46,2026-01-21
1230,32550,26.57,2026-01-21
1231,25577,25.60,2026-01-21
1232,14087,29.60,2026-01-21
1233,10309,41.63,2026-01-21
1234,31260,43.52,2026-01-21
1235,4524,24.26,2026-01-21
1236,35418,48.04,2026-01-21
1237,36987,18.10,2026-01-21
1238,26170,28.04,2026-01-21
1239,15272,41.48,2026-01-21
1240,17004,15.67,2026-01-21
1241,23946,28.57,2026-01-21
1242,5716,31.07,2026-01-21
1243,38787,44.14,2026-01-21
1244,9480,19.45,2026-01-21
1245,7238,44.93,2026-01-21
1246,16588,28.78,2026-01-21
1247,37298,17.63,2026-01-21
1248,15537,26.21,2026-01-21
1249,33800,58.29,2026-01-21
1250,11243,38.95,2026-01-21
1251,35225,28.79,2026-01-21
1252,19611,38.65,2026-01-21
1253,21235,34.93,2026-01-21
1254,39204,14.88,2026-01-21
1255,8305,18.11,2026-01-21
1256,18012,38.45,2026-01-21
1257,36257,31.15,2026-01-21
1258,8139,44.41,2026-01-21
1259,37531,38.94,2026-01-21
1260,16146,27.18,2026-01-21
1261,24387,22.59,2026-01-21
1262,23187,9.68,2026-01-21
1263,23599,25.55,2026-01-21
1264,5464,41.27,2026-01-21
1265,11472,19.31,2026-01-21
1266,4634,44.42,2026-01-21
1267,10673,43.61,2026-01-21
1268,3045,29.19,2026-01-21
1269,15292,21.98,2026-01-21
1270,17570,39.77,2026-01-21
1271,4298,31.80,2026-01-21
1272,32070,18.26,2026-01-21
1273,25434,19.42,2026-01-21
1274,17390,16.33,2026-01-21
1275,18958,16.26,2026-01-21
1276,4913,43.68,2026-01-21
1277,27538,20.99,2026-01-21
1278,12170,26.54,2026-01-21
1279,4656,23.54,2026-01-21
1280,4372,32.79,2026-01-21
1281,2780,19.27,2026-01-21
1282,12852,23.23,2026-01-21
1283,29862,30.57,2026-01-21
1284,7877,21.14,2026-01-21
1285,23172,36.39,2026-01-21
1286,23935,27.76,2026-01-21
1287,14753,35.82,2026-01-21
1288,19725,49.74,2026-01-21
1289,25107,44.08,2026-01-21
1290,18744,47.26,2026-01-21
1291,1178,25.36,2026-01-21
1292,11737,48.89,2026-01-21
1293,16679,48.32,2026-01-21
1294,3519,58.10,2026-01-21
1295,31041,45.39,2026-01-21
1296,3732,44.53,2026-01-21
1297,35117,28.71,2026-01-21
1298,31391,14.83,2026-01-21
1299,18124,18.10,2026-01-21
1300,12515,21.64,2026-01-21
1301,9620,27.32,2026-01-21
1302,3393,29.74,2026-01-21
1303,35299,43.77,2026-01-21
1304,2423,45.60,2026-01-21
1305,24917,33.80,2026-01-21
1306,9395,18.56,2026-01-21
1307,2601,19.73,2026-01-21
1308,14133,41.03,2026-01-21
1309,4236,29.42,2026-01-21
1310,22672,28.81,2026-01-21
1311,25237,15.37,2026-01-21
1312,29533,20.30,2026-01-21
1313,33410,37.90,2026-01-21
1314,38783,17.61,2026-01-21
1315,33927,27.03,2026-01-21
1316,38289,11.94,2026-01-21
1317,23,29.65,2026-01-21
1318,19693,22.46,2026-01-21
1319,39376,38.16,2026-01-21
1320,12390,29.47,2026-01-21
1321,18434,23.01,2026-01-21
1322,11868,46.32,2026-01-21
1323,24379,15.07,2026-01-21
1324,38715,20.28,2026-01-21
1325,9966,48.42,2026-01-21
1326,15149,35.78,2026-01-21
1327,11128,29.14,2026-01-21
1328,12849,17.76,2026-01-21
1329,26497,16.23,2026-01-21
1330,5348,41.05,2026-01-21
1331,551,24.08,2026-01-21
1332,13794,28.52,2026-01-21
1333,20895,27.78,2026-01-21
1334,24248,35.15,2026-01-21
1335,25974,44.22,2026-01-21
1336,21918,20.93,2026-01-21
1337,32701,26.57,2026-01-21
1338,17019,37.70,2026-01-21
1339,35927,20.89,2026-01-21
1340,10924,44.96,2026-01-21
1341,9467,23.84,2026-01-21
1342,26083,49.80,2026-01-21
1343,9634,23.28,2026-01-21
1344,23397,14.16,2026-01-21
1345,34713,48.62,2026-01-21
1346,18870,33.05,2026-01-21
1347,37933,56.87,2026-01-21
1348,3825,46.76,2026-01-21
1349,36105,36.34,2026-01-21
1350,34511,11.52,2026-01-21
1351,20141,43.78,2026-01-21
1352,34466,19.16,2026-01-21
1353,3287,38.90,2026-01-21
1354,12868,16.38,2026-01-21
1355,10052,27.76,2026-01-21
1356,22833,25.69,2026-01-21
1357,6742,49.28,2026-01-21
1358,18221,35.34,2026-01-21
1359,20464,16.20,2026-01-21
1360,17028,26.28,2026-01-21
1361,37678,29.80,2026-01-21
1362,22959,34.99,2026-01-21
1363,26840,44.91,2026-01-21
1364,12163,34.79,2026-01-21
1365,37972,37.04,2026-01-21
1366,25595,15.20,2026-01-21
1367,4065,28.53,2026-01-21
1368,32716,39.03,2026-01-21
1369,21469,39.64,2026-01-21
1370,11730,43.86,2026-01-21
1371,3916,50.96,2026-01-21
1372,3771,37.34,2026-01-21
1373,33686,49.35,2026-01-21
1374,26035,27.49,2026-01-21
1375,13252,14.38,2026-01-21
1376,7839,27.81,2026-01-21
1377,5295,20.12,2026-01-21
1378,21520,49.33,2026-01-21
1379,8188,41.33,2026-01-21
1380,7318,29.40,2026-01-21
1381,1882,34.94,2026-01-21
1382,16278,35.66,2026-01-21
1383,15609,36.67,2026-01-21
1384,13369,44.00,2026-01-21
1385,15713,26.87,2026-01-21
1386,3181,54.00,2026-01-21
1387,3186,33.20,2026-01-21
1388,33956,44.45,2026-01-21
1389,243,38.17,2026-01-21
1390,30770,18.52,2026-01-21
1391,8767,34.83,2026-01-21
1392,38420,19.22,2026-01-21
1393,12914,43.37,2026-01-21
1394,13836,20.49,2026-01-21
1395,18360,20.49,2026-01-21
1396,37689,27.69,2026-01-21
1397,12581,46.07,2026-01-21
1398,10636,28.25,2026-01-21
1399,19819,33.93,2026-01-21
1400,30615,23.93,2026-01-21
1401,21609,32.38,2026-01-21
1402,25542,30.39,2026-01-21
1403,4733,21.17,2026-01-21
1404,6210,33.87,2026-01-21
1405,20471,48.06,2026-01-21
1406,7242,27.92,2026-01-21
1407,11672,20.62,2026-01-21
1408,29949,42.94,2026-01-21
1409,5489,27.15,2026-01-21
1410,35236,22.26,2026-01-21
1411,26460,22.27,2026-01-21
1412,5798,26.65,2026-01-21
1413,13917,56.43,2026-01-21
1414,38815,10.85,2026-01-21
1415,18851,39.93,2026-01-21
1416,8342,34.80,2026-01-21
1417,28279,40.82,2026-01-21
1418,23151,22.96,2026-01-21
1419,19019,15.03,2026-01-21
1420,35109,17.01,2026-01-21
1421,3545,37.90,2026-01-21
1422,21,41.25,2026-01-21
1423,14972,30.82,2026-01-21
1424,14209,22.97,2026-01-21
1425,23897,16.70,2026-01-21
1426,5864,47.02,2026-01-21
1427,778,40.24,2026-01-21
1428,27585,31.61,2026-01-21
1429,23962,12.56,2026-01-21
1430,16971,33.80,2026-01-21
1431,30851,20.26,2026-01-21
1432,13969,23.57,2026-01-21
1433,24237,19.50,2026-01-21
1434,27579,11.64,2026-01-21
1435,4847,39.90,2026-01-21
1436,33880,25.55,2026-01-21
1437,31927,18.84,2026-01-21
1438,35491,37.36,2026-01-21
1439,34829,33.06,2026-01-21
1440,21676,19.31,2026-01-21
1441,20749,21.36,2026-01-21
1442,29841,29.19,2026-01-21
1443,27300,47.69,2026-01-21
1444,22272,28.78,2026-01-21
1445,32467,20.91,2026-01-21
1446,7573,47.24,2026-01-21
1447,8071,38.32,2026-01-21
1448,23828,46.05,2026-01-21
1449,10066,47.19,2026-01-21
1450,20267,42.63,2026-01-21
1451,34066,35.47,2026-01-21
1452,8180,27.45,2026-01-21
1453,23258,17.69,2026-01-21
1454,6650,29.65,2026-01-21
1455,36462,41.10,2026-01-21
1456,12161,42.97,2026-01-21
1457,17042,42.90,2026-01-21
1458,26809,20.47,2026-01-21
1459,7962,48.33,2026-01-21
1460,35759,18.91,2026-01-21
1461,36530,39.76,2026-01-21
1462,1669,39.51,2026-01-21
1463,21243,35.94,2026-01-21
1464,37955,35.99,2026-01-21
1465,12929,21.30,2026-01-21
1466,18516,17.53,2026-01-21
1467,22523,22.74,2026-01-21
1468,2459,46.28,2026-01-21
1469,20376,17.12,2026-01-21
1470,32746,47.50,2026-01-21
1471,1320,22.49,2026-01-21
1472,25418,21.50,2026-01-21
1473,26842,21.49,2026-01-21
1474,26755,47.70,2026-01-21
1475,16919,25.66,2026-01-21
1476,26009,38.04,2026-01-21
1477,17671,49.64,2026-01-21
1478,16183,32.44,2026-01-21
1479,7829,38.76,2026-01-21
1480,10916,31.37,2026-01-21
1481,32403,35.06,2026-01-21
1482,8321,18.16,2026-01-21
1483,2690,18.07,2026-01-21
1484,16502,37.01,2026-01-21
1485,9065,32.96,2026-01-21
1486,16165,21.25,2026-01-21
1487,7335,35.84,2026-01-21
1488,30103,27.38,2026-01-21
1489,185,29.05,2026-01-21
1490,22183,28.69,2026-01-21
1491,17298,17.15,2026-01-21
1492,36414,43.18,2026-01-21
1493,17276,28.35,2026-01-21
1494,31966,31.42,2026-01-21
1495,34190,34.32,2026-01-21
1496,38903,29.42,2026-01-21
1497,32395,28.83,2026-01-21
1498,39369,16.48,2026-01-21
1499,22060,20.86,2026-01-21
1500,10632,59.60,2026-01-21
1501,16988,18.19,2026-01-21
1502,2190,25.52,2026-01-21
1503,24690,39.42,2026-01-21
1504,6047,39.72,2026-01-21
1505,10679,33.35,2026-01-21
1506,7069,20.02,2026-01-21
1507,25930,50.90,2026-01-21
1508,15617,36.27,2026-01-21
1509,13301,16.56,2026-01-21
1510,18686,45.02,2026-01-21
1511,5511,49.49,2026-01-21
1512,23306,29.71,2026-01-21
1513,25072,26.29,2026-01-21
1514,15156,19.25,2026-01-21
1515,32144,29.77,2026-01-21
1516,28022,29.03,2026-01-21
1517,15594,25.93,2026-01-21
1518,31356,16.43,2026-01-21
1519,25421,18.68,2026-01-21
1520,13171,36.11,2026-01-21
1521,18183,18.98,2026-01-21
1522,3544,31.92,2026-01-21
1523,34975,34.44,2026-01-21
1524,37546,37.61,2026-01-21
1525,24150,15.98,2026-01-21
1526,2792,43.76,2026-01-21
1527,36912,40.76,2026-01-21
1528,19491,18.13,2026-01-21
1529,35237,38.01,2026-01-21
1530,11513,48.64,2026-01-21
1531,9165,45.70,2026-01-21
1532,5556,36.39,2026-01-21
1533,21258,25.43,2026-01-21
1534,6345,27.78,2026-01-21
1535,11034,15.23,2026-01-21
1536,4459,20.05,2026-01-21
1537,5374,20.89,2026-01-21
1538,12335,37.15,2026-01-21
1539,215,23.20,2026-01-21
1540,7528,24.83,2026-01-21
1541,4986,48.34,2026-01-21
1542,5498,51.41,2026-01-21
1543,25877,15.06,2026-01-21
1544,30797,10.41,2026-01-21
1545,36382,58.03,2026-01-21
1546,15796,34.88,2026-01-21
1547,30085,44.56,2026-01-21
1548,18068,24.76,2026-01-21
1549,2611,24.31,2026-01-21
1550,34133,28.89,2026-01-21
1551,5527,32.67,2026-01-21
1552,4823,37.55,2026-01-21
1553,18405,15.65,2026-01-21
1554,16606,17.95,2026-01-21
1555,5984,32.00,2026-01-21
1556,2931,48.38,2026-01-21
1557,5148,51.89,2026-01-21
1558,1163,15.84,2026-01-21
1559,34504,31.70,2026-01-21
1560,35945,14.12,2026-01-21
1561,20342,20.34,2026-01-21
1562,35626,25.44,2026-01-21
1563,33771,51.00,2026-01-21
1564,26214,45.63,2026-01-21
1565,11652,47.79,2026-01-21
1566,8265,43.31,2026-01-21
1567,6233,56.12,2026-01-21
1568,26052,25.56,2026-01-21
1569,12432,32.26,2026-01-21
1570,6669,31.17,2026-01-21
1571,9046,38.55,2026-01-21
1572,34292,12.03,2026-01-21
1573,1764,36.52,2026-01-21
1574,2464,24.36,2026-01-21
1575,15461,29.69,2026-01-21
1576,7945,24.43,2026-01-21
1577,23933,32.48,2026-01-21
1578,3030,26.62,2026-01-21
1579,809,48.84,2026-01-21
1580,8637,28.54,2026-01-21
1581,29693,15.90,2026-01-21
1582,38399,15.15,2026-01-21
1583,8984,37.57,2026-01-21
1584,10782,15.34,2026-01-21
1585,1253,26.96,2026-01-21
1586,23380,48.69,2026-01-21
1587,6130,40.50,2026-01-21
1588,29345,25.27,2026-01-21
1589,15570,30.32,2026-01-21
1590,31278,21.79,2026-01-21
1591,15136,33.60,2026-01-21
1592,9230,16.65,2026-01-21
1593,35106,33.41,2026-01-21
1594,14950,36.03,2026-01-21
1595,13881,45.96,2026-01-21
1596,3341,44.75,2026-01-21
1597,15899,11.52,2026-01-21
1598,3088,32.47,2026-01-21
1599,29854,23.60,2026-01-21
1600,104,18.23,2026-01-21
1601,1399,34.36,2026-01-21
1602,5176,18.40,2026-01-21
1603,14666,49.39,2026-01-21
1604,21774,29.06,2026-01-21
1605,37616,30.67,2026-01-21
1606,7763,34.64,2026-01-21
1607,34503,29.46,2026-01-21
1608,33082,23.82,2026-01-21
1609,16811,24.38,2026-01-21
1610,23989,45.38,2026-01-21
1611,189,16.13,2026-01-21
1612,2686,22.80,2026-01-21
1613,34104,45.54,2026-01-21
1614,37999,48.08,2026-01-21
1615,32171,43.57,2026-01-21
1616,15640,24.15,2026-01-21
1617,17559,31.48,2026-01-21
1618,16222,20.20,2026-01-21
1619,3514,44.74,2026-01-21
1620,23479,22.61,2026-01-21
1621,8447,18.72,2026-01-21
1622,26648,40.41,2026-01-21
1623,14124,29.86,2026-01-21
1624,22291,31.01,2026-01-21
1625,22980,27.83,2026-01-21
1626,4626,18.47,2026-01-21
1627,26665,35.14,2026-01-21
1628,32845,33.80,2026-01-21
1629,38966,15.86,2026-01-21
1630,25743,39.98,2026-01-21
1631,1477,18.75,2026-01-21
1632,13659,20.48,2026-01-21
1633,26088,19.48,2026-01-21
1634,8204,32.08,2026-01-21
1635,36405,55.40,2026-01-21
1636,26932,58.31,2026-01-21
1637,1980,37.92,2026-01-21
1638,11153,31.94,2026-01-21
1639,22305,23.53,2026-01-21
1640,31252,37.85,2026-01-21
1641,38451,27.18,2026-01-21
1642,7142,38.37,2026-01-21
1643,35685,37.73,2026-01-21
1644,15364,14.49,2026-01-21
1645,11626,28.56,2026-01-21
1646,27779,29.23,2026-01-21
1647,34343,15.09,2026-01-21
1648,21975,23.97,2026-01-21
1649,35737,21.25,2026-01-21
1650,770,44.58,2026-01-21
1651,3457,49.32,2026-01-21
1652,13272,29.99,2026-01-21
1653,34443,41.93,2026-01-21
1654,1665,37.92,2026-01-21
1655,6584,15.03,2026-01-21
1656,31762,29.49,2026-01-21
1657,15923,14.64,2026-01-21
1658,15883,30.78,2026-01-21
1659,19891,45.07,2026-01-21
1660,35853,41.70,2026-01-21
1661,16101,30.38,2026-01-21
1662,7553,33.59,2026-01-21
1663,8954,31.70,2026-01-21
1664,19161,18.37,2026-01-21
1665,29496,17.11,2026-01-21
1666,6903,22.28,2026-01-21
1667,28573,37.88,2026-01-21
1668,37053,18.51,2026-01-21
1669,30279,34.40,2026-01-21
1670,34524,44.69,2026-01-21
1671,1655,32.95,2026-01-21
1672,30578,42.58,2026-01-21
1673,28412,34.89,2026-01-21
1674,19486,39.77,2026-01-21
1675,24470,17.57,2026-01-21
1676,9244,38.00,2026-01-21
1677,28527,42.13,2026-01-21
1678,8502,26.85,2026-01-21
1679,37928,19.42,2026-01-21
1680,38028,19.59,2026-01-21
1681,11201,59.69,2026-01-21
1682,15363,25.20,2026-01-21
1683,33379,12.48,2026-01-21
1684,21569,42.24,2026-01-21
1685,929,17.02,2026-01-21
1686,24942,36.43,2026-01-21
1687,26609,25.39,2026-01-21
1688,25687,28.38,2026-01-21
1689,3296,40.49,2026-01-21
1690,21701,43.79,2026-01-21
1691,7691,36.71,2026-01-21
1692,32281,55.86,2026-01-21
1693,21939,37.48,2026-01-21
1694,35064,32.01,2026-01-21
1695,38884,20.83,2026-01-21
1696,19595,15.54,2026-01-21
1697,21462,50.12,2026-01-21
1698,7062,16.16,2026-01-21
1699,32762,9.37,2026-01-21
1700,13149,17.92,2026-01-21
1701,33534,54.12,2026-01-21
1702,28394,44.82,2026-01-21
1703,22315,19.84,2026-01-21
1704,5153,18.55,2026-01-21
1705,24818,31.69,2026-01-21
1706,30312,27.80,2026-01-21
1707,22696,45.51,2026-01-21
1708,9662,21.00,2026-01-21
1709,36409,24.08,2026-01-21
1710,16680,18.12,2026-01-21
1711,24329,27.51,2026-01-21
1712,26813,17.95,2026-01-21
1713,5152,18.47,2026-01-21
1714,35396,36.19,2026-01-21
1715,30871,43.88,2026-01-21
1716,20309,43.01,2026-01-21
1717,31006,29.88,2026-01-21
1718,30828,41.29,2026-01-21
1719,21212,13.20,2026-01-21
1720,37818,29.34,2026-01-21
1721,21580,19.59,2026-01-21
1722,13215,36.47,2026-01-21
1723,29145,51.88,2026-01-21
1724,31390,44.25,2026-01-21
1725,1723,47.19,2026-01-21
1726,36702,18.95,2026-01-21
1727,18326,24.86,2026-01-21
1728,682,19.95,2026-01-21
1729,23462,15.30,2026-01-21
1730,30208,40.60,2026-01-21
1731,36884,39.59,2026-01-21
1732,17372,31.23,2026-01-21
1733,24121,53.88,2026-01-21
1734,27608,48.16,2026-01-21
1735,31170,16.45,2026-01-21
1736,8926,44.48,2026-01-21
1737,4977,19.10,2026-01-21
1738,39544,33.84,2026-01-21
1739,34535,40.61,2026-01-21
1740,2779,27.67,2026-01-21
1741,34790,22.21,2026-01-21
1742,5099,31.29,2026-01-21
1743,14725,19.26,2026-01-21
1744,11862,39.29,2026-01-21
1745,30902,24.73,2026-01-21
1746,19629,29.23,2026-01-21
1747,38046,21.34,2026-01-21
1748,5844,36.21,2026-01-21
1749,29684,45.71,2026-01-21
1750,8538,59.70,2026-01-21
1751,33314,27.69,2026-01-21
1752,8406,38.15,2026-01-21
1753,6135,26.58,2026-01-21
1754,36342,59.79,2026-01-21
1755,14435,32.81,2026-01-21
1756,245,32.27,2026-01-21
1757,11622,58.18,2026-01-21
1758,12679,15.09,2026-01-21
1759,347,22.01,2026-01-21
1760,33609,9.09,2026-01-21
1761,34912,54.13,2026-01-21
1762,31580,40.06,2026-01-21
1763,30639,27.83,2026-01-21
1764,720,44.87,2026-01-21
1765,32690,36.87,2026-01-21
1766,6073,30.57,2026-01-21
1767,36876,19.38,2026-01-21
1768,35447,47.83,2026-01-21
1769,36476,41.68,2026-01-21
1770,37806,19.68,2026-01-21
1771,27738,9.83,2026-01-21
1772,20331,29.66,2026-01-21
1773,25624,26.43,2026-01-21
1774,5803,19.59,2026-01-21
1775,6837,17.68,2026-01-21
1776,31885,16.53,2026-01-21
1777,18866,27.08,2026-01-21
1778,31011,19.59,2026-01-21
1779,20793,44.32,2026-01-21
1780,36502,25.57,2026-01-21
1781,3023,34.73,2026-01-21
1782,18454,41.76,2026-01-21
1783,12431,20.30,2026-01-21
1784,1485,37.76,2026-01-21
1785,1511,42.88,2026-01-21
1786,12128,41.13,2026-01-21
1787,35114,41.24,2026-01-21
1788,11407,42.73,2026-01-21
1789,12035,18.18,2026-01-21
1790,15535,30.40,2026-01-21
1791,28453,24.93,2026-01-21
1792,22858,15.20,2026-01-21
1793,34956,39.02,2026-01-21
1794,17822,38.63,2026-01-21
1795,2787,35.97,2026-01-21
1796,32312,39.68,2026-01-21
1797,26514,15.17,2026-01-21
1798,38842,36.13,2026-01-21
1799,14584,59.11,2026-01-21
1800,12645,41.16,2026-01-21
1801,11558,22.93,2026-01-21
1802,30764,20.53,2026-01-21
1803,17436,40.17,2026-01-21
1804,18155,9.78,2026-01-21
1805,38590,27.99,2026-01-21
1806,32603,43.31,2026-01-21
1807,288,27.40,2026-01-21
1808,18353,38.00,2026-01-21
1809,4625,37.82,2026-01-21
1810,33884,16.09,2026-01-21
1811,34227,24.81,2026-01-21
1812,6311,34.38,2026-01-21
1813,37433,16.02,2026-01-21
1814,12372,21.15,2026-01-21
1815,38002,21.19,2026-01-21
1816,28376,21.11,2026-01-21
1817,9543,24.33,2026-01-21
1818,9492,22.06,2026-01-21
1819,15218,42.38,2026-01-21
1820,4010,27.14,2026-01-21
1821,26569,15.86,2026-01-21
1822,6393,41.84,2026-01-21
1823,10592,23.21,2026-01-21
1824,1897,25.84,2026-01-21
1825,35311,41.59,2026-01-21
1826,26425,37.07,2026-01-21
1827,32448,32.04,2026-01-21
1828,17254,19.11,2026-01-21
1829,14017,20.22,2026-01-21
1830,987,27.90,2026-01-21
1831,9280,24.33,2026-01-21
1832,13755,28.43,2026-01-21
1833,1739,26.13,2026-01-21
1834,35795,26.17,2026-01-21
1835,11602,32.94,2026-01-21
1836,25333,34.13,2026-01-21
1837,28633,43.79,2026-01-21
1838,5288,26.32,2026-01-21
1839,17874,29.03,2026-01-21
1840,476,41.12,2026-01-21
1841,30390,56.72,2026-01-21
1842,37901,46.41,2026-01-21
1843,24326,24.59,2026-01-21
1844,8607,31.30,2026-01-21
1845,33282,32.21,2026-01-21
1846,28071,26.28,2026-01-21
1847,37873,17.25,2026-01-21
1848,14853,38.64,2026-01-21
1849,30012,22.37,2026-01-21
1850,39451,36.90,2026-01-21
1851,6314,17.77,2026-01-21
1852,13101,26.02,2026-01-21
1853,14351,59.78,2026-01-21
1854,37787,39.93,2026-01-21
1855,9220,26.55,2026-01-21
1856,23734,42.72,2026-01-21
1857,34142,36.65,2026-01-21
1858,11236,44.85,2026-01-21
1859,28451,47.08,2026-01-21
1860,4597,18.59,2026-01-21
1861,20500,17.74,2026-01-21
1862,36227,29.24,2026-01-21
1863,1419,47.52,2026-01-21
1864,23726,29.97,2026-01-21
1865,36057,46.44,2026-01-21
1866,9631,41.03,2026-01-21
1867,10188,40.77,2026-01-21
1868,19980,43.77,2026-01-21
1869,39897,20.67,2026-01-21
1870,900,25.88,2026-01-21
1871,6004,38.79,2026-01-21
1872,9056,38.43,2026-01-21
1873,29948,16.52,2026-01-21
1874,38985,45.60,2026-01-21
1875,23966,27.43,2026-01-21
1876,9271,54.80,2026-01-21
1877,21817,42.27,2026-01-21
1878,11962,26.16,2026-01-21
1879,37139,15.96,2026-01-21
1880,2811,17.51,2026-01-21
1881,13519,38.30,2026-01-21
1882,24879,17.45,2026-01-21
1883,22522,49.04,2026-01-21
1884,16077,35.37,2026-01-21
1885,3996,54.46,2026-01-21
1886,21908,50.82,2026-01-21
1887,39157,28.55,2026-01-21
1888,12212,44.67,2026-01-21
1889,38138,35.29,2026-01-21
1890,3689,29.29,2026-01-21
1891,10267,22.60,2026-01-21
1892,13984,47.89,2026-01-21
1893,18088,27.26,2026-01-21
1894,14135,21.94,2026-01-21
1895,1714,30.59,2026-01-21
1896,10768,26.81,2026-01-21
1897,22886,38.44,2026-01-21
1898,33464,23.19,2026-01-21
1899,4482,15.45,2026-01-21
1900,31414,45.41,2026-01-21
1901,33402,29.27,2026-01-21
1902,5901,18.09,2026-01-21
1903,18216,21.90,2026-01-21
1904,15546,11.72,2026-01-21
1905,19554,27.80,2026-01-21
1906,20770,37.14,2026-01-21
1907,8829,53.90,2026-01-21
1908,19353,46.43,2026-01-21
1909,2256,38.46,2026-01-21
1910,6713,25.02,2026-01-21
1911,25592,25.39,2026-01-21
1912,29113,23.42,2026-01-21
1913,28709,20.89,2026-01-21
1914,21345,26.41,2026-01-21
1915,10,25.25,2026-01-21
1916,5931,46.06,2026-01-21
1917,26758,40.64,2026-01-21
1918,20357,27.50,2026-01-21
1919,4762,27.20,2026-01-21
1920,14225,41.03,2026-01-21
1921,12861,20.97,2026-01-21
1922,29765,15.50,2026-01-21
1923,22911,43.54,2026-01-21
1924,14845,26.10,2026-01-21
1925,37681,14.94,2026-01-21
1926,3745,32.90,2026-01-21
1927,15118,17.11,2026-01-21
1928,33628,18.19,2026-01-21
1929,11653,51.14,2026-01-21
1930,14182,33.19,2026-01-21
1931,5349,41.94,2026-01-21
1932,10196,24.55,2026-01-21
1933,20443,26.43,2026-01-21
1934,13093,16.87,2026-01-21
1935,30596,28.76,2026-01-21
1936,11126,48.50,2026-01-21
1937,13081,33.02,2026-01-21
1938,38482,25.32,2026-01-21
1939,36418,27.32,2026-01-21
1940,1906,30.47,2026-01-21
1941,1716,15.85,2026-01-21
1942,9527,17.83,2026-01-21
1943,4698,16.48,2026-01-21
1944,5042,38.58,2026-01-21
1945,328,48.95,2026-01-21
1946,37745,16.49,2026-01-21
1947,37794,50.66,2026-01-21
1948,11097,36.96,2026-01-21
1949,30799,36.47,2026-01-21
1950,33585,20.44,2026-01-21
1951,32183,19.23,2026-01-21
1952,20293,34.51,2026-01-21
1953,30507,22.48,2026-01-21
1954,36419,29.17,2026-01-21
1955,707,25.61,2026-01-21
1956,23834,39.42,2026-01-21
1957,14243,46.23,2026-01-21
1958,12328,15.18,2026-01-21
1959,18473,45.04,2026-01-21
1960,10935,35.90,2026-01-21
1961,4865,51.46,2026-01-21
1962,25299,29.69,2026-01-21
1963,38781,18.97,2026-01-21
1964,31021,39.47,2026-01-21
1965,27311,55.87,2026-01-21
1966,11688,30.83,2026-01-21
1967,14734,45.41,2026-01-21
1968,19007,46.96,2026-01-21
1969,7713,25.35,2026-01-21
1970,27928,33.17,2026-01-21
1971,31230,15.36,2026-01-21
1972,27067,28.47,2026-01-21
1973,37081,16.77,2026-01-21
1974,21334,41.01,2026-01-21
1975,5219,37.88,2026-01-21
1976,28058,32.25,2026-01-21
1977,36933,59.14,2026-01-21
1978,29900,36.15,2026-01-21
1979,2372,39.29,2026-01-21
1980,13061,47.18,2026-01-21
1981,38503,30.62,2026-01-21
1982,22839,20.22,2026-01-21
1983,92,23.44,2026-01-21
1984,28054,28.49,2026-01-21
1985,30156,21.43,2026-01-21
1986,17768,16.11,2026-01-21
1987,6048,43.19,2026-01-21
1988,36060,23.46,2026-01-21
1989,6979,23.54,2026-01-21
1990,890,24.91,2026-01-21
1991,25172,28.00,2026-01-21
1992,15321,24.62,2026-01-21
1993,16989,48.59,2026-01-21
1994,36160,46.16,2026-01-21
1995,13182,45.06,2026-01-21
1996,9127,37.18,2026-01-21
1997,11970,57.56,2026-01-21
1998,16998,23.88,2026-01-21
1999,12495,28.71,2026-01-21
2000,22201,32.10,2026-01-21
2001,17865,32.50,2026-01-21
